GRID_ID,Index
A-7,00001-00032.00001-00032
B-7,00033-00064.00001-00032
C-7,00065-00096.00001-00032
D-7,00097-00128.00001-00032
E-7,00129-00160.00001-00032
F-7,00161-00192.00001-00032
G-7,00193-00224.00001-00032
A-6,00001-00032.00033-00064
B-6,00033-00064.00033-00064
C-6,00065-00096.00033-00064
D-6,00097-00128.00033-00064
E-6,00129-00160.00033-00064
F-6,00161-00192.00033-00064
G-6,00193-00224.00033-00064
A-5,00001-00032.00065-00096
B-5,00033-00064.00065-00096
C-5,00065-00096.00065-00096
D-5,00097-00128.00065-00096
E-5,00129-00160.00065-00096
F-5,00161-00192.00065-00096
G-5,00193-00224.00065-00096
A-4,00001-00032.00097-00128
B-4,00033-00064.00097-00128
C-4,00065-00096.00097-00128
D-4,00097-00128.00097-00128
E-4,00129-00160.00097-00128
F-4,00161-00192.00097-00128
G-4,00193-00224.00097-00128
A-3,00001-00032.00129-00160
B-3,00033-00064.00129-00160
C-3,00065-00096.00129-00160
D-3,00097-00128.00129-00160
E-3,00129-00160.00129-00160
F-3,00161-00192.00129-00160
G-3,00193-00224.00129-00160
A-2,00001-00032.00161-00192
B-2,00033-00064.00161-00192
C-2,00065-00096.00161-00192
D-2,00097-00128.00161-00192
E-2,00129-00160.00161-00192
F-2,00161-00192.00161-00192
G-2,00193-00224.00161-00192
A-1,00001-00032.00193-00224
B-1,00033-00064.00193-00224
C-1,00065-00096.00193-00224
D-1,00097-00128.00193-00224
E-1,00129-00160.00193-00224
F-1,00161-00192.00193-00224
G-1,00193-00224.00193-00224
